id,bid,正文,头条文章url,原始图片url,视频url,Live Photo视频url,位置,日期,工具,点赞数,评论数,转发数,话题,@用户,完整日期,是否编辑过,编辑次数,是否原创,源用户id,源用户昵称,源微博id,源微博bid,源微博正文,源微博头条文章url,源微博原始图片url,源微博视频url,源微博Live Photo视频url,源微博位置,源微博日期,源微博工具,源微博点赞数,源微博评论数,源微博转发数,源微博话题,源微博@用户,源微博完整日期,源微博是否编辑过,源微博编辑次数
2084628750038122551,2084628750038122551,"Open source is essential infrastructure for science, education and organizations addressing some of the world’s most consequential challenges. By providing Lightwell at no cost, @IBM and @RedHat are helping these institutions secure the software behind work that creates broad https://t.co/6nq0Yo6kBF",,,,,,2026-08-04T13:13:19,,142,9,32,,IBM RedHat,2026-08-04 13:13:19,False,0,True,,,,,,,,,,,,,,,,,,,,
2064653837697200345,2064653837697200345,"Congratulations to the Indian Prime Minister @narendramodi who has become Independent India's longest serving elected leader, surpassing Nehru's tenure! This period has brought unprecedented economic growth, propelling India's GDP and creating an environment where entrepreneurs",,,,,,2026-06-10T10:20:08,,1011,65,93,,narendramodi,2026-06-10 10:20:08,False,0,True,,,,,,,,,,,,,,,,,,,,
2057413327425286281,2057413327425286281,"With support from the @CommerceGov, @IBM today announced plans for Anderon, America’s first purpose-built quantum chip foundry. Leveraging IBM’s decades-long quantum leadership and strengths in wafer fabrication, the initiative will accelerate American quantum innovation and https://t.co/gLb1v8OddD",,,,,,2026-05-21T10:48:56,,172,29,44,,CommerceGov IBM,2026-05-21 10:48:56,False,0,True,,,,,,,,,,,,,,,,,,,,
2053775602335789264,2053775602335789264,"If you were unable to attend the #Think2026 keynote or are limited on time, this video summary outlines the key themes, major announcements, and core takeaways, and provides perspective on how @IBM is approaching “day zero” of the AI revolution. https://t.co/akNqYJg7W0",,,,,,2026-05-11T09:53:55,,126,44,26,Think2026,IBM,2026-05-11 09:53:55,False,0,True,,,,,,,,,,,,,,,,,,,,
2045220803692593191,2045220803692593191,"I enjoyed the conversation with @PennyPritzker, @AndrewEdgeclif1, and the @Semafor team for The CEO Signal. We talked leadership, long‑term bets, and how meaningful progress comes from tackling the biggest challenges head‑on. Thank you for the thoughtful exchange and the",,,,,,2026-04-17T19:20:12,,38,24,4,,PennyPritzker AndrewEdgeclif1 Semafor,2026-04-17 19:20:12,False,0,True,,,,,,,,,,,,,,,,,,,,
2028465213607931992,2028465213607931992,"I was proud to inaugurate the AI GovTech Centre with leaders from the state of Uttar Pradesh in Lucknow, reflecting our commitment to India’s tech growth and AI advancements. Grateful to our government collaborators, academic partners, and dedicated @IBM teams whose dedication https://t.co/HwkoMN8Qvq",,,,,,2026-03-02T13:39:28,,57,28,36,,IBM,2026-03-02 13:39:28,False,0,True,,,,,,,,,,,,,,,,,,,,
2021953092712063037,2021953092712063037,"Thank you, @WorldGovSummit for having me for a timely discussion with Borje Ekholm about the growing role of technology as a central pillar of national sovereignty, economic growth, and global cooperation. Watch here: https://t.co/vd8EUATa8o #WGS2026 https://t.co/QlEl48wwUc",,,,,,2026-02-12T14:22:38,,34,8,27,WGS2026,WorldGovSummit,2026-02-12 14:22:38,False,0,True,,,,,,,,,,,,,,,,,,,,
2015411419131294040,2015411419131294040,"Thank you, John Martinis, @ITUSecGen, @jennschenkerand Lene B. Oddershede for a timely discussion about quantum computing during the 2026 @wef. Watch the replay: https://t.co/OS6KXHQ8Id #WEF26 https://t.co/bysleRozPU",,,,,,2026-01-25T13:08:21,,33,4,25,WEF26,ITUSecGen jennschenkerand wef,2026-01-25 13:08:21,False,0,True,,,,,,,,,,,,,,,,,,,,
1999209028719685736,1999209028719685736,RT @verge: Why IBM CEO Arvind Krishna is still hiring humans in the AI era https://t.co/AmBEAx8j5A,,,,,,2025-12-11T20:05:50,,0,0,28,,verge,2025-12-11 20:05:50,False,0,True,,,,,,,,,,,,,,,,,,,,
1998019202792436151,1998019202792436151,"Today, we are announcing that we have entered into a definitive agreement to acquire @confluentinc. This is a decisive step that accelerates our hybrid cloud and AI strategy. Learn more: https://t.co/iDGA9WeuDW https://t.co/Kcm1fR2VDt",,,,,,2025-12-08T13:17:54,,445,38,73,,confluentinc,2025-12-08 13:17:54,False,0,True,,,,,,,,,,,,,,,,,,,,
1971569408817434868,1971569408817434868,"During this year’s Atlantic Festival, I sat down with @TheAtlantic ‘s staff writer @Tyrangiel to discuss the current state of AI, and share insights about the next big paradigm shift in technology, quantum computing. Watch the replay here: https://t.co/sbCHUFwGIr #TAF25 https://t.co/8cXqENHyUv",,,,,,2025-09-26T13:35:51,,19,0,13,TAF25,TheAtlantic Tyrangiel,2025-09-26 13:35:51,False,0,True,,,,,,,,,,,,,,,,,,,,
1967683885581639979,1967683885581639979,Watch my discussion with WSJ’s Christopher Mims and Tim Higgins on the latest episode of the Bold Names podcast here: https://t.co/IvK94ZGDly,,,,,,2025-09-15T20:16:10,,9,3,8,,,2025-09-15 20:16:10,False,0,True,,,,,,,,,,,,,,,,,,,,
1967683797606076587,1967683797606076587,"·@IBM is advancing quantum systems to take on problems classical computers can’t—from chemistry to materials to finance. Thank you, @mims and @timkhiggins of @wsj, for highlighting our vision for the quantum era and the progress we're making to get there. https://t.co/88CoRAa00T",,,,,,2025-09-15T20:15:49,,42,4,7,,IBM mims timkhiggins wsj,2025-09-15 20:15:49,False,0,True,,,,,,,,,,,,,,,,,,,,
1967002481319375171,1967002481319375171,"RT @FirstLadyOffice: AI &amp; The White House When the public and private sectors work together to move AI forward, we are paving the way for…",,,,,,2025-09-13T23:08:31,,0,0,400,,FirstLadyOffice,2025-09-13 23:08:31,False,0,True,,,,,,,,,,,,,,,,,,,,
1964372249387160053,1964372249387160053,.@IBM is proud to join the Pledge to America’s Youth by committing to skill 2 million Americans in AI by 2028. We thank the Administration for their leadership in advancing AI education and for bringing public and private partners together to prepare for an AI-driven future.,,,,,,2025-09-06T16:56:55,,70,4,0,,IBM,2025-09-06 16:56:55,False,0,True,,,,,,,,,,,,,,,,,,,,
1935294183750697076,1935294183750697076,"IBM has announced its path to build a fault-tolerant quantum computer. IBM Quantum Starling, projected to be operational by 2029, is being developed in Poughkeepsie, New York—a site integral to @IBM's computing legacy. Learn about the pursuit of valuable and scalable quantum https://t.co/BeAdblUJGN",,,,,,2025-06-18T11:11:04,,93,3,0,,IBM,2025-06-18 11:11:04,False,0,True,,,,,,,,,,,,,,,,,,,,
1924477421425725807,1924477421425725807,"Simplifying operations, securing data, and improving efficiency and scale are priorities for @IBM clients. Enterprise AI can make a meaningful difference. We've built solutions ready to deploy and help unlock the full potential of #AI. More here: https://t.co/VMzVk0Tqga https://t.co/HWgmbwsyVI",,,,,,2025-05-19T14:49:06,,21,3,0,AI.,IBM,2025-05-19 14:49:06,False,0,True,,,,,,,,,,,,,,,,,,,,
1923202871916482990,1923202871916482990,"RT @McitGovSa: .@IBM stands as a strategic partner in Saudi Arabia’s journey to scale AI globally. Together, we’re advancing talent, R&amp;D, a…",,,,,,2025-05-16T02:24:30,,0,0,11,,McitGovSa IBM,2025-05-16 02:24:30,False,0,True,,,,,,,,,,,,,,,,,,,,
1714294375944278269,1714294375944278269,"#AI is projected to enhance human productivity and unlock an astounding $16T in value by 2030. But, as with any other powerful technology, AI has the potential for both misuse and risk. At @IBM, we believe smart regulation should be based on 3 core tenets: https://t.co/MUGoI4mU8K https://t.co/O5nQsE16Tg",,,,,,2023-10-17T14:56:43,,151,663,37,AI,IBM,2023-10-17 14:56:43,False,0,True,,,,,,,,,,,,,,,,,,,,
1700620194442256841,1700620194442256841,"Our thoughts are with the people of Morocco. We are saddened by the devastation from the earthquake last night and share the sorrow with our IBMers, clients, and partners in Morocco.",,,,,,2023-09-09T21:20:25,,178,158,19,,,2023-09-09 21:20:25,False,0,True,,,,,,,,,,,,,,,,,,,,
1681312108208877573,1681312108208877573,"Thank you, senate majority leader, @SenSchumer and @TechNYC President and Executive Director, @juliepsamuels for joining me for a one-of-a kind gathering to unify New York’s dynamic tech community. https://t.co/Z5DSE7ZhPA",,,,,,2023-07-18T14:36:58,,189,124,23,,SenSchumer TechNYC juliepsamuels,2023-07-18 14:36:58,False,0,True,,,,,,,,,,,,,,,,,,,,
1675136184975015937,1675136184975015937,"RT @SandhuTaranjitS: Exciting conversation with @ArvindKrishna, CEO @IBM about the company’s work in India on semiconductors, quantum tech,…",,,,,,2023-07-01T13:36:03,,0,0,40,,SandhuTaranjitS ArvindKrishna IBM,2023-07-01 13:36:03,False,0,True,,,,,,,,,,,,,,,,,,,,
1673303326488920071,1673303326488920071,I am pleased to announce that @IBM will acquire @Apptio to accelerate IBM’s automation capabilities and help enterprise leaders deliver enhanced value across technology investments. Learn more: https://t.co/5rZQI9VWW7 https://t.co/bZemfhOmc5,,,,,,2023-06-26T12:12:56,,281,46,72,,IBM Apptio,2023-06-26 12:12:56,False,0,True,,,,,,,,,,,,,,,,,,,,
1669137141425684482,1669137141425684482,I am excited to share that @IBM Quantum and @UCBerkeley researchers have published landmark research demonstrating evidence of quantum utility. Learn more about the next era of quantum computing in @kchangnyt’s @nytimes coverage of today’s news: https://t.co/e78IdDA7dT,,,,,,2023-06-15T00:18:00,,295,30,69,,IBM UCBerkeley kchangnyt nytimes,2023-06-15 00:18:00,False,0,True,,,,,,,,,,,,,,,,,,,,
1662099247582310403,1662099247582310403,"I had the pleasure of commemorating the 75th anniversary of the transistor with Jensen Huang, CEO of @nvidia, @PGelsinger, CEO of @intel, and @PennyPritzker, Founder and Chairman of PSP Partners for the @uofigrainger panel: https://t.co/rO32zQFTTt",,,,,,2023-05-26T14:11:55,,58,15,9,,nvidia PGelsinger intel PennyPritzker uofigrainger,2023-05-26 14:11:55,False,0,True,,,,,,,,,,,,,,,,,,,,
1661367242943086592,1661367242943086592,"I enjoyed talking with @jchatterleyCNN about @IBM's 10-year, $100 million initiative to develop a quantum supercomputer on @firstmove. Hear more: https://t.co/JhNMdu8kdG",,,,,,2023-05-24T13:43:12,,61,16,18,,jchatterleyCNN IBM firstmove,2023-05-24 13:43:12,False,0,True,,,,,,,,,,,,,,,,,,,,
1661105970380939273,1661105970380939273,"Honored to join @POTUS, @RahmEmanuel, and other leaders for an important moment in advancing #quantumtechnology at the G7 Summit. Learn about @IBM's partnership with @UTokyo_News_en and @UChicago to develop a system to help solve our global challenges: https://t.co/948XMqb7OO https://t.co/VHnNzuO1zo",,,,,,2023-05-23T20:24:59,,197,25,29,quantumtechnology,POTUS RahmEmanuel IBM UTokyo_News_en UChicago,2023-05-23 20:24:59,False,0,True,,,,,,,,,,,,,,,,,,,,
1655933264018948096,1655933264018948096,"RT @IBMWatson: Introducing IBM watsonx, our new enterprise-ready AI and #data platform designed to multiply the impact of #AI across your b…",,,,,,2023-05-09T13:50:30,,0,0,148,data AI,IBMWatson,2023-05-09 13:50:30,False,0,True,,,,,,,,,,,,,,,,,,,,
1654490893401878529,1654490893401878529,"Time for #Think2023. Join me to learn about the future of AI and #hybridcloud LIVE from Think on Tuesday, May 9 at 8:30 AM ET here: https://t.co/Pi5RBzJBPA https://t.co/pvfAQYpI9S",,,,,,2023-05-05T14:19:02,,132,13,49,Think2023. hybridcloud,,2023-05-05 14:19:02,False,0,True,,,,,,,,,,,,,,,,,,,,
1650894243022397442,1650894243022397442,"Thank you, @JohnTChambers @JC2Ventures, for having me on #ChambersTalks podcast to share more about how @IBM has redefined its approach to innovation and the importance of #ReinventingYourself: https://t.co/Xdv8GGDzPU https://t.co/HeM98eB6Jc",,,,,,2023-04-25T16:07:14,,56,13,17,ChambersTalks ReinventingYourself:,JohnTChambers JC2Ventures IBM,2023-04-25 16:07:14,False,0,True,,,,,,,,,,,,,,,,,,,,
1649434833569955843,1649434833569955843,People working together with trusted #AI will have a transformative effect on our economy and society. Explore how @IBM embraces tools to foster innovation and collaboration while preparing our workforce for everything A.I. offers via @FortuneMagazine: https://t.co/tU8dLRtWzK,,,,,,2023-04-21T15:28:03,,71,13,35,AI,IBM FortuneMagazine,2023-04-21 15:28:03,False,0,True,,,,,,,,,,,,,,,,,,,,
1640029871068917763,1640029871068917763,Many people are familiar with the law named for Gordon Moore — that the number of transistors on a chip doubles every two years. But I believe the same trend will be true for the man himself — Moore’s legacy will grow exponentially as new innovations continue to change our lives.,,,,,,2023-03-26T16:36:06,,41,5,5,,,2023-03-26 16:36:06,False,0,True,,,,,,,,,,,,,,,,,,,,
1640029872503259138,1640029872503259138,Our thoughts are with the Moore family and our friends at Intel.,,,,,,2023-03-26T16:36:06,,35,5,4,,,2023-03-26 16:36:06,False,0,True,,,,,,,,,,,,,,,,,,,,
1640029869403779074,1640029869403779074,"Today, all of IBM is celebrating the remarkable life of Gordon Moore, the self-described “accidental entrepreneur” whose $500 investment in the nascent microchip industry helped build both the digital world we know — and the one that’s still on the horizon.",,,,,,2023-03-26T16:36:05,,253,12,46,,,2023-03-26 16:36:05,False,0,True,,,,,,,,,,,,,,,,,,,,
1638223310340104200,1638223310340104200,Congratulations to the @ClevelandClinic and @IBM teams for the formal unveiling of IBM Quantum System One which is now up and running at the Cleveland Clinic HQ in Ohio. Learn more about the partnership: https://t.co/q5vz8axwdw https://t.co/vvJegqSaxE,,,,,,2023-03-21T16:57:28,,236,10,51,,ClevelandClinic IBM,2023-03-21 16:57:28,False,0,True,,,,,,,,,,,,,,,,,,,,
1621148087401037830,1621148087401037830,RT @dariogila: It was a pleasure to host @CharlieCamp6ell at @IBMResearch to talk about the emerging quantum industry and the impact this t…,,,,,,2023-02-02T14:06:38,,0,0,94,,dariogila CharlieCamp6ell IBMResearch,2023-02-02 14:06:38,False,0,True,,,,,,,,,,,,,,,,,,,,
1595428035028987904,1595428035028987904,"“Thank you” to all IBMers. I’m proud of what we have achieved this year, and I am excited for the road ahead and what we will accomplish together, serving our clients across the world. Today and every day, I believe @IBM's greatest strength is the IBMer. #ProudIBMer",,,,,,2022-11-23T14:44:19,,904,44,136,ProudIBMer,IBM,2022-11-23 14:44:19,False,0,True,,,,,,,,,,,,,,,,,,,,
1592171870975307777,1592171870975307777,"RT @dariogila: The next wave of computing is here, with @IBM at the helm. We have a vision of tomorrow’s computing architecture that will r…",,,,,,2022-11-14T15:05:29,,0,0,31,,dariogila IBM,2022-11-14 15:05:29,False,0,True,,,,,,,,,,,,,,,,,,,,
1589702011376656384,1589702011376656384,"Sustainability is in @IBM's DNA, and we’re excited to be a part of #COP27. Learn more about our refreshed #sustainability strategy: https://t.co/dfMEQy7w2G https://t.co/eZ6X69yshB",,,,,,2022-11-07T19:31:09,,103,7,35,COP27. sustainability,IBM,2022-11-07 19:31:09,False,0,True,,,,,,,,,,,,,,,,,,,,
1585337393070080006,1585337393070080006,IBM is proud to help our clients implement their sustainability goals through data-driven innovation with industry-leading consulting and technology capabilities. We use these solutions ourselves as client zero for sustainability initiatives. #WorldSustainabilityDay,,,,,,2022-10-26T18:27:43,,112,6,29,WorldSustainabilityDay,,2022-10-26 18:27:43,False,0,True,,,,,,,,,,,,,,,,,,,,
1580934023995478018,1580934023995478018,"Thank you, @CRN and @TheChannelCo for having me at #BOB22: https://t.co/PV4mLolKjv https://t.co/AmGKfnt7g1",,,,,,2022-10-14T14:50:18,,81,10,7,BOB22:,CRN TheChannelCo,2022-10-14 14:50:18,False,0,True,,,,,,,,,,,,,,,,,,,,
1578140762373513216,1578140762373513216,"Honored to welcome @POTUS to IBM Poughkeepsie, where we design and manufacture the mainframes that power the global economy and home of IBM's Quantum Computation Center. IBM plans to invest $20B in R&amp;D across the Hudson Valley region over the next 10 years https://t.co/sZHE84cV7i https://t.co/qvQEJIRsEX",,,,,,2022-10-06T21:50:52,,639,22,127,,POTUS,2022-10-06 21:50:52,False,0,True,,,,,,,,,,,,,,,,,,,,
1578110784814698496,1578110784814698496,"President Biden's visit highlights the impact of the CHIPS and Science Act on innovation and manufacturing here in the Hudson Valley and across the country. I thank @POTUS, @SenSchumer and leaders in Congress for making this once-in-a-generation investment in American innovation.",,,,,,2022-10-06T19:51:45,,309,9,48,,POTUS SenSchumer,2022-10-06 19:51:45,False,0,True,,,,,,,,,,,,,,,,,,,,
1577422269340598279,1577422269340598279,"I look forward to welcoming @POTUS to @IBM Poughkeepsie later this week, and to highlighting our commitments to the technology and innovation here in the Hudson Valley that advance America’s economy.",,,,,,2022-10-04T22:15:50,,789,18,141,,POTUS IBM,2022-10-04 22:15:50,False,0,True,,,,,,,,,,,,,,,,,,,,
1574370734679498752,1574370734679498752,I am proud to share that IBM has announced its collaboration with 20 Historically Black Universities (HBCUs) to help them establish Cybersecurity Leadership Centers. Learn more about this #skillsbuild commitment to STEM education: https://t.co/XWLzWfxao3 https://t.co/EO4gsY29kE,,,,,,2022-09-26T12:10:08,,227,9,44,skillsbuild,,2022-09-26 12:10:08,False,0,True,,,,,,,,,,,,,,,,,,,,
1573044705793048576,1573044705793048576,"I was pleased and honored to participate in the Schlumberger Digital Forum 2022, exploring the latest technology solutions that are driving change in the #energy industry. #SLBDigitalForum https://t.co/9o5sssYBkm https://t.co/0lgC67Ax3r",,,,,,2022-09-22T20:20:58,,81,6,10,energy SLBDigitalForum,,2022-09-22 20:20:58,False,0,True,,,,,,,,,,,,,,,,,,,,
1567949105380343808,1567949105380343808,IBM mourns the passing of Her Majesty Queen Elizabeth II. https://t.co/08fOg1IbOd,,,,,,2022-09-08T18:52:52,,726,10,132,,,2022-09-08 18:52:52,False,0,True,,,,,,,,,,,,,,,,,,,,
1557024325991112711,1557024325991112711,"I was honored to join @POTUS as he signed the historic CHIPS and Science Act, which brought together bipartisan policymakers and industry representatives alike. @IBM is ready to rapidly accelerate domestic #semiconductor innovation. Read my statement: https://t.co/iDwZcZq4Xm https://t.co/IdviR9iRj8",,,,,,2022-08-09T15:21:42,,230,13,62,semiconductor,POTUS IBM,2022-08-09 15:21:42,False,0,True,,,,,,,,,,,,,,,,,,,,
1554098083193098241,1554098083193098241,See how IBM #AI is helping clients turn complex data into sustainable action to meet their environmental targets: https://t.co/E6f5EDh43A https://t.co/ZcSUR7TjPz,,,,,,2022-08-01T13:33:51,,94,4,23,AI,,2022-08-01 13:33:51,False,0,True,,,,,,,,,,,,,,,,,,,,
1552756474597752833,1552756474597752833,Today the U.S. Congress came together for the good of the country to pass a bipartisan #CHIPSAct. Read my statement: https://t.co/wxE8qtaQQK https://t.co/Q5GGmZbUaw,,,,,,2022-07-28T20:42:47,,120,4,40,CHIPSAct.,,2022-07-28 20:42:47,False,0,True,,,,,,,,,,,,,,,,,,,,
1547627679326711809,1547627679326711809,"When it comes to protecting the environment, we can either be a part of the problem or a part of the solution. At IBM, we have always believed in being a part of the solution - and that our technology can make a profound difference. Thank you, @Mukesh_IBM and #SEMICONWest. https://t.co/NHt5nVxKdt",,,,,,2022-07-14T17:02:46,,170,9,34,SEMICONWest.,Mukesh_IBM,2022-07-14 17:02:46,False,0,True,,,,,,,,,,,,,,,,,,,,
1547321232873476097,1547321232873476097,"Today, I join 500 business and nonprofit leaders to call for every student in every school to have the opportunity to learn computer science as a basic part of education. Learn more here: https://t.co/Bn3iBjzix7",,,,,,2022-07-13T20:45:04,,132,7,41,,,2022-07-13 20:45:04,False,0,True,,,,,,,,,,,,,,,,,,,,
1546972160316637186,1546972160316637186,"Today @RedHat announced that it has named Matt Hicks as president and chief executive officer, succeeding Paul Cormier, who will serve as chairman. Read more: https://t.co/X3fe0ohyJb https://t.co/OzZz1xH5Pc",,,,,,2022-07-12T21:37:59,,192,6,41,,RedHat,2022-07-12 21:37:59,False,0,True,,,,,,,,,,,,,,,,,,,,
1542496926398046209,1542496926398046209,"It was a pleasure joining @TomMihaljevicMD for a conversation about our mission of advancing the pace of discovery in healthcare and life sciences through high-performance computing using #hybridcloud, AI, and quantum computing technologies. #CCIdeas https://t.co/lXrq6eTKol",,,,,,2022-06-30T13:15:00,,126,10,25,"hybridcloud, CCIdeas",TomMihaljevicMD,2022-06-30 13:15:00,False,0,True,,,,,,,,,,,,,,,,,,,,
1529081793634246657,1529081793634246657,"Thank you, @AntonioNeri_HPE, @JulieSweet, @nxthompson, @PekkaLundmark, and Ruth Porat, for an insightful discussion about how businesses and policy leaders can manage emerging trade-offs in the digital economy to build shared value. https://t.co/ytjApW1XEp #WEF22 https://t.co/C3CClGhQsv",,,,,,2022-05-24T12:48:03,,61,9,13,WEF22,AntonioNeri_HPE JulieSweet nxthompson PekkaLundmark,2022-05-24 12:48:03,False,0,True,,,,,,,,,,,,,,,,,,,,
1528776111211139072,1528776111211139072,"RT @IBMpolicy: Today @Potus and 12 partner countries announced the launch of the Indo-Pacific Economic Framework #IPEF, which will drive ec…",,,,,,2022-05-23T16:33:22,,0,0,14,"IPEF,",IBMpolicy Potus,2022-05-23 16:33:22,False,0,True,,,,,,,,,,,,,,,,,,,,
1528730238699679744,1528730238699679744,66% of companies are executing or planning to apply #AI to address their sustainability goals. More via @VentureBeat,,,,,,2022-05-23T13:31:05,,69,3,16,AI,VentureBeat,2022-05-23 13:31:05,False,0,True,,,,,,,,,,,,,,,,,,,,
1525137703016271876,1525137703016271876,"IBM mourns the passing of Sheikh Khalifa bin Zayed Al Nahyan, President of the UAE and a great leader whose vision will be remembered forever. https://t.co/IOQjWAAtoF",,,,,,2022-05-13T15:35:38,,73,5,12,,,2022-05-13 15:35:38,False,0,True,,,,,,,,,,,,,,,,,,,,
1524130906096685057,1524130906096685057,Thank you for a great conversation @jonfortt. I am excited about the future and the value @IBM brings to enterprises.,,,,,,2022-05-10T20:54:59,,116,3,32,,jonfortt IBM,2022-05-10 20:54:59,False,0,True,,,,,,,,,,,,,,,,,,,,
1524005011558223872,1524005011558223872,"Join me at #Think2022 where I’ll discuss how @IBM is co-creating with an expanding ecosystem to make progress on the most pressing issues enterprises and society face today, May 10 – 11: https://t.co/rKuyJiDIQ3 https://t.co/TD4GsSA1ey",,,,,,2022-05-10T12:34:44,,233,7,63,Think2022,IBM,2022-05-10 12:34:44,False,0,True,,,,,,,,,,,,,,,,,,,,
1521506502237986820,1521506502237986820,"#Think2022 is where you can see how @IBM applies expertise and technology — from AI and automation to hybrid cloud and cybersecurity — to create a brighter future. Tune in with Think Broadcast, May 10 -11: https://t.co/U3ITN8qMAe https://t.co/Qa2R3FuteG",,,,,,2022-05-03T15:06:33,,118,3,51,Think2022,IBM,2022-05-03 15:06:33,False,0,True,,,,,,,,,,,,,,,,,,,,
1519302656942088200,1519302656942088200,"RT @jonathanadashek: Thank you to the entire team who helped develop IBM Impact. I’m proud of @IBM's approach to making a lasting, positive…",,,,,,2022-04-27T13:09:15,,0,0,17,,jonathanadashek IBM,2022-04-27 13:09:15,False,0,True,,,,,,,,,,,,,,,,,,,,
1508754627029880833,1508754627029880833,"RT @IBMNews: Today, IBM announced it is working with @HSBC to accelerate #QuantumComputing readiness. Together, they will explore the use o…",,,,,,2022-03-29T10:35:09,,0,0,119,QuantumComputing,IBMNews HSBC,2022-03-29 10:35:09,False,0,True,,,,,,,,,,,,,,,,,,,,
1508523295137837063,1508523295137837063,"I look forward to the opportunity to come together with thought leaders, global experts, and decision makers from around the globe to share and contribute to the development of tools and policies essential to shaping future governments. #WGS2022 #WorldGovSummit",,,,,,2022-03-28T19:15:55,,123,8,35,WGS2022 WorldGovSummit,,2022-03-28 19:15:55,False,0,True,,,,,,,,,,,,,,,,,,,,
1483166043010998272,1483166043010998272,"Thank you @NRFBigShow for the opportunity to discuss how IBM technology is rapidly accelerating the #digitaltransformation of the retail industry with @jonfortt. If hybrid shopping is the new norm, then it must be enabled by hybrid cloud. #NRF2022 https://t.co/JFtLrUNCxJ",,,,,,2022-01-17T19:55:15,,252,15,73,digitaltransformation NRF2022,NRFBigShow jonfortt,2022-01-17 19:55:15,False,0,True,,,,,,,,,,,,,,,,,,,,
1470507318202798082,1470507318202798082,Join me at the Bloomberg Technology Summit tomorrow as we explore the opportunities and challenges of #techtransformation.,,,,,,2021-12-13T21:34:00,,124,11,38,techtransformation.,,2021-12-13 21:34:00,False,0,True,,,,,,,,,,,,,,,,,,,,
1462846830488784903,1462846830488784903,It was an honor to speak with @inafried last week on the next generation of quantum computing. Watch the interview here.,,,,,,2021-11-22T18:13:57,,160,8,44,,inafried,2021-11-22 18:13:57,False,0,True,,,,,,,,,,,,,,,,,,,,
1460952276642770953,1460952276642770953,"RT @IBMResearch: The Eagle has landed. Today, we’re unveiling our latest quantum processor, the 127-qubit Eagle chip, along with our vision…",,,,,,2021-11-17T12:45:40,,0,0,149,,IBMResearch,2021-11-17 12:45:40,False,0,True,,,,,,,,,,,,,,,,,,,,
1460364265186107392,1460364265186107392,"IBM congratulates @POTUS on signing a bipartisan law to make historic investments in our nation's physical &amp; digital infrastructure, and we applaud the president and Congress for this much-needed step to boost U.S. competitiveness and benefit all Americans https://t.co/rOidk0Oy2a https://t.co/nx2iPEoUq2",,,,,,2021-11-15T21:49:07,,205,7,42,,POTUS,2021-11-15 21:49:07,False,0,True,,,,,,,,,,,,,,,,,,,,
1458899163500982277,1458899163500982277,"RT @IBMNews: IBM is proud to honor former Chairman, President and CEO of IBM, @GinniRometty with a $5 million gift to her alma mater, @Nort…",,,,,,2021-11-11T20:47:20,,0,0,42,,IBMNews GinniRometty Nort,2021-11-11 20:47:20,False,0,True,,,,,,,,,,,,,,,,,,,,
1456241222809423883,1456241222809423883,"IBM has always believed in the fundamental promise of technology – that when we apply innovation to real-world problems, we drive progress, for both business and society. Today, we’re doing it again. I’d like to reintroduce you to IBM. Read my letter here: https://t.co/DbRG1t37cn https://t.co/ERHCZohYCd",,,,,,2021-11-04T12:45:37,,386,14,163,,,2021-11-04 12:45:37,False,0,True,,,,,,,,,,,,,,,,,,,,
1448670051322707976,1448670051322707976,RT @IBMNews: IBM is giving all learners access to skills and training — regardless of background or circumstance. Learn more about IBM's co…,,,,,,2021-10-14T15:20:29,,0,0,74,,IBMNews,2021-10-14 15:20:29,False,0,True,,,,,,,,,,,,,,,,,,,,
1443654707898114048,1443654707898114048,It was a pleasure to speak with @FastCompany’s @HarryMcCracken at the #FCFestival this week about how quantum computing will start to solve real business problems.,,,,,,2021-09-30T19:11:18,,85,5,20,FCFestival,FastCompany HarryMcCracken,2021-09-30 19:11:18,False,0,True,,,,,,,,,,,,,,,,,,,,
1438125474958520322,1438125474958520322,"IBM is proud to provide @CaixaBank with a technology platform designed to deliver the highest levels of trust, security &amp; privacy. This partnership is a great example of our commitment to apply the power of technology to help business &amp; society thrive. https://t.co/kh8ck384eu https://t.co/9A9TuvpT4B",,,,,,2021-09-15T13:00:06,,300,17,91,,CaixaBank,2021-09-15 13:00:06,False,0,True,,,,,,,,,,,,,,,,,,,,
1430652439913541633,1430652439913541633,"It was an honor to join @POTUS for today’s White House #cybersecurity summit, where I shared steps IBM is taking to strengthen defenses and build a more diverse cyber workforce. More here via LinkedIn: https://t.co/xvbewfX1sj",,,,,,2021-08-25T22:04:56,,516,20,180,cybersecurity,POTUS,2021-08-25 22:04:56,False,0,True,,,,,,,,,,,,,,,,,,,,
1405517321729458178,1405517321729458178,"IBM is committed to closing the skills gap, one of the most pressing issues of our time. We’re partnering with 30 global organizations, like @ManpowerGroup, to help improve underserved populations’ skills and employment opportunities. #VivaTech https://t.co/QTMsmZzDkq",,,,,,2021-06-17T13:26:57,,222,15,59,VivaTech,ManpowerGroup,2021-06-17 13:26:57,False,0,True,,,,,,,,,,,,,,,,,,,,
1405193526053384192,1405193526053384192,RT @IBM: ⚡️Join us as we celebrate our 110th birthday. 🎉 Take a minute to explore some iconic IBM moments that have made a lasting impact…,,,,,,2021-06-16T16:00:18,,0,0,492,,IBM,2021-06-16 16:00:18,False,0,True,,,,,,,,,,,,,,,,,,,,
1404809555805097991,1404809555805097991,"I had the pleasure of launching the first installation of the IBM Quantum System One in Europe today with German Chancellor Dr. Angela Merkel. This is a watershed moment that will greatly benefit business, industry and society. #IBMQuantum🇩🇪 @Fraunhofer https://t.co/Q3ThUQsGHd",,,,,,2021-06-15T14:34:32,,634,22,210,IBMQuantum🇩🇪,Fraunhofer,2021-06-15 14:34:32,False,0,True,,,,,,,,,,,,,,,,,,,,
1403295929122361348,1403295929122361348,RT @Carmine_DiSibio: A pleasure to speak with @ArvindKrishna and @mlevram during the #FortuneForum session on Advancing Digital Transformat…,,,,,,2021-06-11T10:19:56,,0,0,5,FortuneForum,Carmine_DiSibio ArvindKrishna mlevram,2021-06-11 10:19:56,False,0,True,,,,,,,,,,,,,,,,,,,,
1397597304971014150,1397597304971014150,RT @GovPritzker: Exciting news: @IBM and @Illinois_Alma are partnering to launch a new Discovery Accelerator Institute. This is a tremend…,,,,,,2021-05-26T16:55:38,,0,0,21,,GovPritzker IBM Illinois_Alma,2021-05-26 16:55:38,False,0,True,,,,,,,,,,,,,,,,,,,,
1396818403189477379,1396818403189477379,"Congratulations to Ralph Gomory on winning @NSF_NSB’s prestigious Vannevar Bush Award. Under his leadership, @IBMResearch won two Nobel Prizes in physics &amp; achieved fundamental breakthroughs advancing the information revolution. https://t.co/NoXFeQx6qn",,,,,,2021-05-24T13:20:33,,129,3,28,,NSF_NSB IBMResearch,2021-05-24 13:20:33,False,0,True,,,,,,,,,,,,,,,,,,,,
1395734726468571136,1395734726468571136,"Great piece by @tsmullaney highlighting Lois Lew, who mastered IBM’s 1947 Chinese typewriter, and our company’s long history of diversity and inclusion #AAPI #APAHM https://t.co/tXqfYLCgcJ",,,,,,2021-05-21T13:34:24,,160,7,42,AAPI APAHM,tsmullaney,2021-05-21 13:34:24,False,0,True,,,,,,,,,,,,,,,,,,,,
1395483516046032901,1395483516046032901,"The private sector must continue investing in science, providing resources and nurturing employees’ spirit to help others to fight the pandemic. I’m proud of what this task force has provided India in just a few short weeks w/ more assistance on the way. #ChamberGlobalForum",,,,,,2021-05-20T20:56:11,,101,0,14,ChamberGlobalForum,,2021-05-20 20:56:11,False,0,True,,,,,,,,,,,,,,,,,,,,
1392166458428379136,1392166458428379136,"RT @IBMNews: IBM announced advances in AI, hybrid cloud &amp; quantum computing at #THINK2021. Here's the news: https://t.co/j0U9mo97Mn https:/…",,,,,,2021-05-11T17:15:23,,0,0,67,THINK2021.,IBMNews,2021-05-11 17:15:23,False,0,True,,,,,,,,,,,,,,,,,,,,
1391759267036909569,1391759267036909569,"Excited for @btaylor, @KarenSLynch and Tony Hemmelgarn to join me in kicking off #THINK2021 on Tuesday with conversations about expanding partnerships, innovating across industries with hybrid cloud and AI solutions for clients and much more. https://t.co/oQHpRV2rMU https://t.co/bLoFSrzXqq",,,,,,2021-05-10T14:17:21,,209,5,81,THINK2021,btaylor KarenSLynch,2021-05-10 14:17:21,False,0,True,,,,,,,,,,,,,,,,,,,,
1389938616424665092,1389938616424665092,.@IBM is proud to be part of this new task force that will provide immediate assistance to India and will assist in coordinating relief to respond to COVID-19 surges around the world. #GlobalPandemicResponse,,,,,,2021-05-05T13:42:44,,588,21,161,GlobalPandemicResponse,IBM,2021-05-05 13:42:44,False,0,True,,,,,,,,,,,,,,,,,,,,
1387112840205586434,1387112840205586434,"RT @PaulJCormier: Open source is about choice and meeting customers where they are, on whichever cloud platform they prefer. We can do that…",,,,,,2021-04-27T18:34:07,,0,0,21,,PaulJCormier,2021-04-27 18:34:07,False,0,True,,,,,,,,,,,,,,,,,,,,
1385292891514343428,1385292891514343428,"President Biden's #LeadersClimateSummit is an important moment in the fight against climate change. IBM is committed to this fight with a goal of net zero greenhouse gas emissions by 2030 and helping clients w/AI, hybrid cloud &amp; quantum solutions to complex climate problems.",,,,,,2021-04-22T18:02:17,,194,6,64,LeadersClimateSummit,,2021-04-22 18:02:17,False,0,True,,,,,,,,,,,,,,,,,,,,
1381595815907581959,1381595815907581959,"RT @MartinSchroeter: Today, we announced that the new company we are creating will be called Kyndryl and our HQ in NYC. It is an important…",,,,,,2021-04-12T13:11:25,,0,0,188,,MartinSchroeter,2021-04-12 13:11:25,False,0,True,,,,,,,,,,,,,,,,,,,,
1377436969265815553,1377436969265815553,RT @MastercardNews: Mastercard Conversations is a new series hosted by @MiebachMichael where he connects with business leaders to explore a…,,,,,,2021-04-01T01:45:39,,0,0,23,,MastercardNews MiebachMichael,2021-04-01 01:45:39,False,0,True,,,,,,,,,,,,,,,,,,,,
1377253587772968967,1377253587772968967,Yesterday @TomMihaljevicMD and I joined @jonfortt to share how our partnership combines @ClevelandClinic’s healthcare and life sciences expertise w/ @IBM’s Quantum System One and computational expertise to make scientific discovery faster,,,,,,2021-03-31T13:36:58,,256,5,79,,TomMihaljevicMD jonfortt ClevelandClinic IBM,2021-03-31 13:36:58,False,0,True,,,,,,,,,,,,,,,,,,,,
1374511778713923593,1374511778713923593,"Likewise, @PGelsinger. Excited to partner with @intel and together accelerate innovations in the semiconductor industry.",,,,,,2021-03-24T00:01:59,,200,4,25,,PGelsinger intel,2021-03-24 00:01:59,False,0,True,,,,,,,,,,,,,,,,,,,,
1374080797569904642,1374080797569904642,"As a lifelong technologist, I believe in the power of innovation and shared my thoughts on tackling #ClimateChange w/@zannymb as part of @EconomistEvents’ Sustainability Week. I encourage you to join us and answer the call: https://t.co/zvROV09SGi @CallforCode",,,,,,2021-03-22T19:29:25,,224,2,61,ClimateChange,zannymb EconomistEvents CallforCode,2021-03-22 19:29:25,False,0,True,,,,,,,,,,,,,,,,,,,,
1372531079274500102,1372531079274500102,"RT @IBMWatson: In honor of the incredible women paving the way in #AI, we’re proud to announce our Women Leaders in AI 2021 honorees. Get…",,,,,,2021-03-18T12:51:24,,0,0,96,"AI,",IBMWatson,2021-03-18 12:51:24,False,0,True,,,,,,,,,,,,,,,,,,,,
1372219033983053831,1372219033983053831,"IBM condemns hate crimes. We stand with the Asian community in the face of the ongoing hate and violence occurring in the US and globally. IBM will continue to speak out against racism and discrimination of any kind and Emb(race) social justice, equity and allyship. #StopTheHate",,,,,,2021-03-17T16:11:26,,716,6,192,StopTheHate,,2021-03-17 16:11:26,False,0,True,,,,,,,,,,,,,,,,,,,,
1369757757126098945,1369757757126098945,"As do we, thank you @Carmine_DiSibio",,,,,,2021-03-10T21:11:12,,97,1,10,,Carmine_DiSibio,2021-03-10 21:11:12,False,0,True,,,,,,,,,,,,,,,,,,,,
1368978083743678466,1368978083743678466,RT @IBM: To celebrate #InternationalWomensDay we asked women of IBM to share who they’re grateful for. Tag a woman you appreciate in the co…,,,,,,2021-03-08T17:33:04,,0,0,57,InternationalWomensDay,IBM,2021-03-08 17:33:04,False,0,True,,,,,,,,,,,,,,,,,,,,
1367286409820831744,1367286409820831744,@WednesdayMartin,,,,,,2021-03-04T01:30:57,,8,0,1,,WednesdayMartin,2021-03-04 01:30:57,False,0,True,,,,,,,,,,,,,,,,,,,,
1367267652817846272,1367267652817846272,"https://t.co/0voiATxIAp What a wonderful take on the ""Primates of Columbia University"" (caption credits to Wednesday Martin)",,,,,,2021-03-04T00:16:25,,52,2,4,,,2021-03-04 00:16:25,False,0,True,,,,,,,,,,,,,,,,,,,,
1362067742967365642,1362067742967365642,"Enjoyed the engaging conversation @debjani_ghosh_. Technology, partners and skills will play a pivotal role in redefining India’s success in the next decade. #NTLF2021",,,,,,2021-02-17T15:53:50,,216,7,47,NTLF2021,debjani_ghosh_,2021-02-17 15:53:50,False,0,True,,,,,,,,,,,,,,,,,,,,
1356288766982422528,1356288766982422528,"Warm welcome to @pineyro, our new CMO and SVP, on her first day",,,,,,2021-02-01T17:10:15,,255,10,22,,pineyro,2021-02-01 17:10:15,False,0,True,,,,,,,,,,,,,,,,,,,,
1354840062060597253,1354840062060597253,Today I helped launch @wef’s Global AI Action Alliance to guide the responsible development and deployment of #AI. IBM will share our approach to AI Ethics to support this global collective effort #DavosAgenda https://t.co/azFfhOv447,,,,,,2021-01-28T17:13:37,,383,16,131,AI. DavosAgenda,wef,2021-01-28 17:13:37,False,0,True,,,,,,,,,,,,,,,,,,,,
1346932293991079936,1346932293991079936,"IBM condemns today's unprecedented lawlessness and we call for it to end immediately. These actions have no place in our society, and they must stop so our system of democracy can work.",,,,,,2021-01-06T21:30:58,,4532,188,1224,,,2021-01-06 21:30:58,False,0,True,,,,,,,,,,,,,,,,,,,,
1346459869151457282,1346459869151457282,"RT @Gary_D_Cohn: I am honored to be joining @IBM as Vice Chairman. IBM is one the world’s most important companies, providing technology th…",,,,,,2021-01-05T14:13:43,,0,0,108,,Gary_D_Cohn IBM,2021-01-05 14:13:43,False,0,True,,,,,,,,,,,,,,,,,,,,
1343593752586309632,1343593752586309632,"RT @GinniRometty: Almost 40 years ago, I came to @IBM determined to make an impact on the world. As I step down from my role as executive c…",,,,,,2020-12-28T16:24:48,,0,0,199,,GinniRometty IBM,2020-12-28 16:24:48,False,0,True,,,,,,,,,,,,,,,,,,,,
1337080202577457155,1337080202577457155,IBM is proud to be a founding member of this important coalition,,,,,,2020-12-10T17:02:16,,579,17,96,,,2020-12-10 17:02:16,False,0,True,,,,,,,,,,,,,,,,,,,,
1325875815775657985,1325875815775657985,Today I sent the following letter to President-elect Joe Biden congratulating him on his election and outlining policy initiatives where IBM seeks to work with the incoming administration https://t.co/0GkDUC6F0I,,,,,,2020-11-09T19:00:02,,1018,37,253,,,2020-11-09 19:00:02,False,0,True,,,,,,,,,,,,,,,,,,,,
1316768809080979456,1316768809080979456,RT @BillRMcDermott: Fired up to join forces with @ArvindKrishna as we lead the Workflow Revolution for @IBM's legacy service management cus…,,,,,,2020-10-15T15:52:03,,0,0,86,,BillRMcDermott ArvindKrishna IBM,2020-10-15 15:52:03,False,0,True,,,,,,,,,,,,,,,,,,,,
1316732967138537479,1316732967138537479,"RT @Steve_Rosenbush: IBM, ServiceNow Partner on AI Effort Aimed at Identifying IT Anomalies ⁦@IBM⁩ ⁦@ArvindKrishna⁩ ⁦@servicenow⁩ ⁦@BillRMc…",,,,,,2020-10-15T13:29:37,,0,0,51,,Steve_Rosenbush IBM ArvindKrishna servicenow BillRMc,2020-10-15 13:29:37,False,0,True,,,,,,,,,,,,,,,,,,,,
1313479315032551424,1313479315032551424,I shared my thoughts on #AI as a driver for economic growth and social good during #RAISE2020 #AIForAll https://t.co/8AeH2h3qUX,,,,,,2020-10-06T14:00:46,,492,20,134,AI RAISE2020 AIForAll,,2020-10-06 14:00:46,False,0,True,,,,,,,,,,,,,,,,,,,,
1306949339412074499,1306949339412074499,This is the future of #quantumcomputing: @IBM announced our roadmap for building a quantum industry and scaling quantum technology to a 1000-plus qubit device and beyond. https://t.co/twD18UbNrB,,,,,,2020-09-18T13:32:59,,567,12,210,quantumcomputing:,IBM,2020-09-18 13:32:59,False,0,True,,,,,,,,,,,,,,,,,,,,
1294007632341196801,1294007632341196801,.@IBM's open hybrid cloud strategy is best exemplified with the growing list of new client partnerships like the one we announced this week with Coca-Cola European Partners. @howardboville discusses our #cloud momentum with @CNBC's @cnbcKaren.,,,,,,2020-08-13T20:27:15,,283,2,93,cloud,IBM howardboville CNBC cnbcKaren,2020-08-13 20:27:15,False,0,True,,,,,,,,,,,,,,,,,,,,
1292190046720864261,1292190046720864261,"This week, we lost one of our great @IBM innovators - Fran Allen - the first-ever female #IBMFellow and the first woman to win the Turing Award. Fran worked in @IBMResearch for 45 years and her contributions to our company and technology were countless. https://t.co/gjpUKTNe3Y",,,,,,2020-08-08T20:04:49,,891,16,234,IBMFellow,IBM IBMResearch,2020-08-08 20:04:49,False,0,True,,,,,,,,,,,,,,,,,,,,
1289288114440085504,1289288114440085504,Proud of this momentum in @IBM's journey to accelerate advances in #quantumcomputing. Our fleet is currently at 22 quantum computing systems and growing.,,,,,,2020-07-31T19:53:34,,564,10,128,quantumcomputing.,IBM,2020-07-31 19:53:34,False,0,True,,,,,,,,,,,,,,,,,,,,
1286741725982208001,1286741725982208001,Proud to announce @BNPParibas along with more than 30 new ISVs will adopt the @IBM Cloud for Financial Services - more steps toward our goal to establish THE trusted platform for the financial services industry. https://t.co/Y7QKjyopNt,,,,,,2020-07-24T19:15:08,,900,19,292,,BNPParibas IBM,2020-07-24 19:15:08,False,0,True,,,,,,,,,,,,,,,,,,,,
1286080870789664773,1286080870789664773,"Shri @narendramodi, I appreciate our thoughtful discussion this week. @IBM is proud to be part of India's culture and economy. We look forward to continuing our work together on #AI skills and education. #SkillIndia #DigitalIndia https://t.co/lLKOGbjcSY",,,,,,2020-07-22T23:29:08,,3901,36,667,AI SkillIndia DigitalIndia,narendramodi IBM,2020-07-22 23:29:08,False,0,True,,,,,,,,,,,,,,,,,,,,
1284169605364232201,1284169605364232201,The power of partnerships: @IBM's #AI &amp; #analytics coupled with @Verizon's wireless networks will enable industrial enterprises to realize the promise of #5G and #edgecomputing innovations.,,,,,,2020-07-17T16:54:27,,543,10,186,AI analytics 5G edgecomputing,IBM Verizon,2020-07-17 16:54:27,False,0,True,,,,,,,,,,,,,,,,,,,,
1281227906530922498,1281227906530922498,Improved productivity and efficiency across business and IT operations are the goals of any #CIO or #CTO. Now robotic process automation (RPA) will be key to helping @IBM clients stand up AI-infused automation solutions so employees can focus on higher value work.,,,,,,2020-07-09T14:05:11,,366,6,112,CIO CTO.,IBM,2020-07-09 14:05:11,False,0,True,,,,,,,,,,,,,,,,,,,,
1280900450515144705,1280900450515144705,Hybrid #cloud. #AI. They are two dominant forces driving our clients' digital transformations which are being accelerated amidst the #COVID19 pandemic. @howardboville breaks down @IBM's cloud strategy and why Daimler is adopting our public cloud with @CarolineHydeTV.,,,,,,2020-07-08T16:24:00,,311,3,103,cloud. AI. COVID19,howardboville IBM CarolineHydeTV,2020-07-08 16:24:00,False,0,True,,,,,,,,,,,,,,,,,,,,
1272660088864587777,1272660088864587777,"Secure and open. Two words you hear a lot from @IBM. They form the foundation of our cloud strategy. Today, we announced another step in building the most secure and compliance-ready public cloud.",,,,,,2020-06-15T22:39:44,,594,6,185,,IBM,2020-06-15 22:39:44,False,0,True,,,,,,,,,,,,,,,,,,,,
1272619244908351488,1272619244908351488,RT @IBMpolicy: JUST IN: @IBM hails today's landmark #SCOTUS decision that the #CivilRightsAct protects the #LGBTQ community from employment…,,,,,,2020-06-15T19:57:26,,0,0,152,SCOTUS CivilRightsAct LGBTQ,IBMpolicy IBM,2020-06-15 19:57:26,False,0,True,,,,,,,,,,,,,,,,,,,,
1266112342158381056,1266112342158381056,RT @VentureBeat: COVID-19 HPC Consortium pours 437 petaflops of compute power toward virus research https://t.co/5ltlUg2vGB by @Kyle_L_Wigg…,,,,,,2020-05-28T21:01:20,,0,0,47,,VentureBeat Kyle_L_Wigg,2020-05-28 21:01:20,False,0,True,,,,,,,,,,,,,,,,,,,,
1262818117991923714,1262818117991923714,Join the fight against #COVID19 by donating your computer's unused computing power to the #OpenPandemics project via @WCGrid: https://t.co/pxehCP6qR1 https://t.co/8rOu24zYy0,,,,,,2020-05-19T18:51:16,,408,9,227,COVID19 OpenPandemics,WCGrid,2020-05-19 18:51:16,False,0,True,,,,,,,,,,,,,,,,,,,,
1261296696136531970,1261296696136531970,Here are some of my takeaways from #Think2020: https://t.co/UtTAwN4Zme. What stood out to you? https://t.co/KMbfoJH0R8,,,,,,2020-05-15T14:05:40,,321,6,126,Think2020:,,2020-05-15 14:05:40,False,0,True,,,,,,,,,,,,,,,,,,,,
1259961184012382209,1259961184012382209,"Representing 12 countries and 13 industries, we are honoring 35 talented women shaping the future of #AI. Their leadership not only drives impressive business outcomes, it paves the way for the next generation of female trailblazers in technology. 👏",,,,,,2020-05-11T21:38:49,,412,5,117,AI.,,2020-05-11 21:38:49,False,0,True,,,,,,,,,,,,,,,,,,,,
1258382972153102337,1258382972153102337,"Project Debater showcases #AI’s potential to help people build persuasive arguments and make well-informed decisions. I was thrilled to be involved in this project and am incredibly proud of our team of scientists. Check out The Debater, a documentary on their story, here:",,,,,,2020-05-07T13:07:34,,125,7,51,AI’s,,2020-05-07 13:07:34,False,0,True,,,,,,,,,,,,,,,,,,,,
1258142220584091653,1258142220584091653,"Enjoyed our conversation yesterday, @jchatterleyCNN. We covered quite the gamut of topics: #think2020, business resilience, @IBM's AI &amp; cloud growth strategy, history of tech adoption, crystal balls and WFH best practices. Look forward to speaking with you again soon.",,,,,,2020-05-06T21:10:55,,358,10,108,"think2020,",jchatterleyCNN IBM,2020-05-06 21:10:55,False,0,True,,,,,,,,,,,,,,,,,,,,
1257726901914931200,1257726901914931200,"I spoke with @DavidWestin about remote work accelerating clients’ needs for digital tech, cloud and AI. @IBM’s announcements today at #THINK2020 reflect our commitment to supporting clients’ transformations across industries. https://t.co/rAqmNkZctK https://t.co/oI3qfudh7r",,,,,,2020-05-05T17:40:35,,339,0,88,THINK2020,DavidWestin IBM,2020-05-05 17:40:35,False,0,True,,,,,,,,,,,,,,,,,,,,
1257700967509889025,1257700967509889025,RT @Steve_Rosenbush: New @IBM CEO @ArvindKrishna explains initiatives in #CloudComputing #AI https://t.co/DpWaa2jqoP #cio #Think2020 @SCast…,,,,,,2020-05-05T15:57:32,,0,0,48,CloudComputing AI cio Think2020,Steve_Rosenbush IBM ArvindKrishna SCast,2020-05-05 15:57:32,False,0,True,,,,,,,,,,,,,,,,,,,,
1257648742515331076,1257648742515331076,"In a few hours, @RajeevRonanki, @robdthomas, @levie, @stewart, @PaulJCormier and @kalapalasm will join me in kicking off #THINK2020. We’ll share insights on using tech to transform businesses both in times of crisis and opportunity. https://t.co/cjZdANsKFQ",,,,,,2020-05-05T12:30:00,,551,5,183,THINK2020.,RajeevRonanki robdthomas levie stewart PaulJCormier kalapalasm,2020-05-05 12:30:00,False,0,True,,,,,,,,,,,,,,,,,,,,
1257463190050529280,1257463190050529280,RT @RajeevRonanki: One of the projects I'll be discussing with @ArvindKrishna tomorrow at #Think2020 will be the @XPRIZE #PandemicAlliance.…,,,,,,2020-05-05T00:12:41,,0,0,16,Think2020 PandemicAlliance.…,RajeevRonanki ArvindKrishna XPRIZE,2020-05-05 00:12:41,False,0,True,,,,,,,,,,,,,,,,,,,,
1257414541971009537,1257414541971009537,Proud to have led the @IBMResearch team when we put the first #quantum computer on #IBMCloud four years ago today. We now have 18 quantum systems and counting available to clients and the community.,,,,,,2020-05-04T20:59:23,,438,6,96,quantum IBMCloud,IBMResearch,2020-05-04 20:59:23,False,0,True,,,,,,,,,,,,,,,,,,,,
1256689673990217728,1256689673990217728,Last week I shared my IBM Work From Home Pledge with IBMers. Here's the backstory: https://t.co/YIeuIJ1ydo #ProudIBMer https://t.co/lYb31Tmsc0,,,,,,2020-05-02T20:59:01,,763,23,187,ProudIBMer,,2020-05-02 20:59:01,False,0,True,,,,,,,,,,,,,,,,,,,,
1256584230106251269,1256584230106251269,"Check out Elyra, our new #opensource toolkit using @ProjectJupyter to help simplify the development of data science and #AI models https://t.co/O8RyThqOMv",,,,,,2020-05-02T14:00:01,,244,5,121,opensource AI,ProjectJupyter,2020-05-02 14:00:01,False,0,True,,,,,,,,,,,,,,,,,,,,
1256335085990629377,1256335085990629377,"While I can’t say see you in person at #Think2020 next week, I hope you’ll still join us digitally as we focus on responding to the impacts of #COVID19 https://t.co/GpftW0g2yG",,,,,,2020-05-01T21:30:00,,494,11,183,Think2020 COVID19,,2020-05-01 21:30:00,False,0,True,,,,,,,,,,,,,,,,,,,,
1256300473163886594,1256300473163886594,"Warm welcome to @howardboville, our new Cloud SVP, on his first day @IBM",,,,,,2020-05-01T19:12:28,,541,27,48,,howardboville IBM,2020-05-01 19:12:28,False,0,True,,,,,,,,,,,,,,,,,,,,
1254894400347521024,1254894400347521024,"RT @IBMResearch: Four days. Four exercises. One Challenge. Join the IBM Quantum Challenge on May 4 to learn more about quantum circuits,…",,,,,,2020-04-27T22:05:14,,0,0,147,,IBMResearch,2020-04-27 22:05:14,False,0,True,,,,,,,,,,,,,,,,,,,,
1253428443296882692,1253428443296882692,It’s #WorldBookDay so I wanted to share what I’m reading right now: The Technology Trap by @carlbfrey and The Sixth Extinction by @ElizKolbert. Reading always helps me unwind at the end of the day – how about you? https://t.co/sqcjMhsGkN,,,,,,2020-04-23T21:00:03,,662,60,54,WorldBookDay,carlbfrey ElizKolbert,2020-04-23 21:00:03,False,0,True,,,,,,,,,,,,,,,,,,,,
1252971848784117760,1252971848784117760,"Well said, @JWhitehurst: “these challenges must be met with bold action, and that answers to global problems are grounded in two powerful forces: innovation and human ingenuity” #EarthDay",,,,,,2020-04-22T14:45:42,,182,3,37,EarthDay,JWhitehurst,2020-04-22 14:45:42,False,0,True,,,,,,,,,,,,,,,,,,,,
1252672875653476357,1252672875653476357,"We’re granting free access to @IBM’s +80K patent portfolio and any new patents filed thru 2023 to develop tech to help diagnose, prevent, contain or treat coronaviruses like #COVID19 #OpenCOVIDPledge https://t.co/ZsEbEyaBuB https://t.co/FYb56q7in6",,,,,,2020-04-21T18:57:41,,1668,53,792,COVID19 OpenCOVIDPledge,IBM,2020-04-21 18:57:41,False,0,True,,,,,,,,,,,,,,,,,,,,
1252406886118289409,1252406886118289409,I had the opportunity to discuss @IBM’s Q1 earnings and share our roadmap with @MadMoneyOnCNBC’s @jimcramer today https://t.co/9mU40LlkHn,,,,,,2020-04-21T01:20:44,,545,10,135,,IBM MadMoneyOnCNBC jimcramer,2020-04-21 01:20:44,False,0,True,,,,,,,,,,,,,,,,,,,,
1251196355265081345,1251196355265081345,RT @IBM: We are partnering with @glblctzn for One World: #TogetherAtHome — a night of music and action to celebrate the heroic efforts of h…,,,,,,2020-04-17T17:10:31,,0,0,120,TogetherAtHome,IBM glblctzn,2020-04-17 17:10:31,False,0,True,,,,,,,,,,,,,,,,,,,,
1250770926259625984,1250770926259625984,"#Mentalhealth &amp; #stressawareness must be top priorities for leaders during these uncertain times. Employees are a company's greatest asset, which is certainly true of IBMers https://t.co/PXhCIYThr2",,,,,,2020-04-16T13:00:01,,489,11,139,Mentalhealth stressawareness,,2020-04-16 13:00:01,False,0,True,,,,,,,,,,,,,,,,,,,,
1250423638177636359,1250423638177636359,Hear from @JerryCuomo on @IBMBlockchain's potential to create a better supply system via @robertanzalon15 @Forbes,,,,,,2020-04-15T14:00:01,,163,3,54,,JerryCuomo IBMBlockchain robertanzalon15 Forbes,2020-04-15 14:00:01,False,0,True,,,,,,,,,,,,,,,,,,,,
1249718457815519233,1249718457815519233,"Supervised learning is just the start for #AI. @neurobongo, @ylecun, Yoshia Bengio, Samy Bengio, Richard Sutton, @pabbeel, @svlevine discuss ways to tap into AI's full potential via @nytimes https://t.co/6MWhU7C8uw",,,,,,2020-04-13T15:17:53,,163,0,62,AI.,neurobongo ylecun pabbeel svlevine nytimes,2020-04-13 15:17:53,False,0,True,,,,,,,,,,,,,,,,,,,,
1248606728746385413,1248606728746385413,Hats off to our 12 new #IBMFellows,,,,,,2020-04-10T13:40:16,,428,1,64,IBMFellows,,2020-04-10 13:40:16,False,0,True,,,,,,,,,,,,,,,,,,,,
1247639543202877440,1247639543202877440,A debt of gratitude to all the nurses and doctors on the frontlines. #WorldHealthDay,,,,,,2020-04-07T21:37:01,,338,2,49,WorldHealthDay,,2020-04-07 21:37:01,False,0,True,,,,,,,,,,,,,,,,,,,,
1247283205230788609,1247283205230788609,Thank you for the tremendous outpouring of support and well wishes today. It’s a true privilege to have the opportunity to lead such an iconic and innovative company #ProudIBMer,,,,,,2020-04-06T22:01:04,,1649,55,143,ProudIBMer,,2020-04-06 22:01:04,False,0,True,,,,,,,,,,,,,,,,,,,,
1247214014465269761,1247214014465269761,Important conversation with @CNBC’s @jonfortt on how IBMers and our tech are playing a role in keeping businesses running as we combat #COVID19 together https://t.co/dLeLKKuxmF,,,,,,2020-04-06T17:26:07,,445,6,178,COVID19,CNBC jonfortt,2020-04-06 17:26:07,False,0,True,,,,,,,,,,,,,,,,,,,,
1247104457181184000,1247104457181184000,Humbled to step into the role of @IBM CEO. Sharing my letter to IBMers today about our essential role in the world and the need for empathy and solidarity as we face this crisis together https://t.co/Zvoi77u8dw,,,,,,2020-04-06T10:10:47,,4043,224,936,,IBM,2020-04-06 10:10:47,False,0,True,,,,,,,,,,,,,,,,,,,,
1220089611252305922,1220089611252305922,"RT @iamwill: There’s #AI, and then there’s ethical AI. Our I.AM+ Omega platform is now running on @RedHat OpenShift on @IBMCloud to ensure…",,,,,,2020-01-22T21:03:26,,0,0,293,"AI,",iamwill RedHat IBMCloud,2020-01-22 21:03:26,False,0,True,,,,,,,,,,,,,,,,,,,,
1220003850414960641,1220003850414960641,"RT @cgs_atl: 🎧 Spend your morning listening to @Stephen_G_Brown, @RymMomtaz &amp; @florianeder breaking down #Trump's speech at the #WEF2020. @…",,,,,,2020-01-22T15:22:39,,0,0,10,Trump's WEF2020.,cgs_atl Stephen_G_Brown RymMomtaz florianeder,2020-01-22 15:22:39,False,0,True,,,,,,,,,,,,,,,,,,,,
1186691357747929091,1186691357747929091,https://t.co/JkmBKEk6aR,,,,,,2019-10-22T17:10:42,,110,2,26,,,2019-10-22 17:10:42,False,0,True,,,,,,,,,,,,,,,,,,,,
1158383798997913600,1158383798997913600,"RT @businessinsider: IBM’s cloud boss reveals the game plan for its $34 billion Red Hat acquisition, and says it’ll give it ‘massive reach’…",,,,,,2019-08-05T14:26:34,,0,0,36,,businessinsider,2019-08-05 14:26:34,False,0,True,,,,,,,,,,,,,,,,,,,,
1152000190540161030,1152000190540161030,"RT @IBMResearch: 👋 Welcome, @RedHat &amp; @JWhitehurst! We are so excited to build the hybrid cloud and future of computing together. https://t…",,,,,,2019-07-18T23:40:23,,0,0,244,,IBMResearch RedHat JWhitehurst,2019-07-18 23:40:23,False,0,True,,,,,,,,,,,,,,,,,,,,
1136367601116950528,1136367601116950528,RT @WSJGraphics: Quantum computers will be able to break current encryption within a decade. Security experts are scrambling to come up wit…,,,,,,2019-06-05T20:22:03,,0,0,13,,WSJGraphics,2019-06-05 20:22:03,False,0,True,,,,,,,,,,,,,,,,,,,,
1136341610919321602,1136341610919321602,https://t.co/x60zvrxW1M via @WSJ,,,,,,2019-06-05T18:38:46,,34,1,5,,WSJ,2019-06-05 18:38:46,False,0,True,,,,,,,,,,,,,,,,,,,,
1126199023898124288,1126199023898124288,RT @JWhitehurst: .@IBM believed before many others and to have Ginni Rometty share our commitment going forward is a true testament to the…,,,,,,2019-05-08T18:55:45,,0,0,30,,JWhitehurst IBM,2019-05-08 18:55:45,False,0,True,,,,,,,,,,,,,,,,,,,,
1113253025437507584,1113253025437507584,"RT @Steve_Rosenbush: ‘bias can be good or bad. If you want expertise, bias is good. If there is discrimination, it is a problem. The proble…",,,,,,2019-04-03T01:32:59,,0,0,12,,Steve_Rosenbush,2019-04-03 01:32:59,False,0,True,,,,,,,,,,,,,,,,,,,,
1095328254007730176,1095328254007730176,RT @IBM: Watch #ProjectDebater take on a debating champion in front of a live audience at #Think2019: https://t.co/lMm8Y5Q6GY,,,,,,2019-02-12T14:26:20,,0,0,225,ProjectDebater Think2019:,IBM,2019-02-12 14:26:20,False,0,True,,,,,,,,,,,,,,,,,,,,
1095035748057677824,1095035748057677824,"RT @IBMResearch: Watch as #ProjectDebater takes on its highest caliber opponent to date. European Champion, Harish Natarajan 🏆 Tune in tod…",,,,,,2019-02-11T19:04:01,,0,0,56,ProjectDebater,IBMResearch,2019-02-11 19:04:01,False,0,True,,,,,,,,,,,,,,,,,,,,
1095028242635882496,1095028242635882496,"RT @IBM: This #NationalInventorsDay, IBM researchers are unveiling 5 predictions on how technology will transform every stage of the food s…",,,,,,2019-02-11T18:34:12,,0,0,130,"NationalInventorsDay,",IBM,2019-02-11 18:34:12,False,0,True,,,,,,,,,,,,,,,,,,,,
1082640055662006272,1082640055662006272,Thanks to all our inventors!,,,,,,2019-01-08T14:07:58,,118,2,50,,,2019-01-08 14:07:58,False,0,True,,,,,,,,,,,,,,,,,,,,
1082639543013203968,1082639543013203968,RT @IBMNews: IBM’s quantum computer is now a quantum computing system https://t.co/umD9Zgpk92 via @harrymccracken,,,,,,2019-01-08T14:05:56,,0,0,15,,IBMNews harrymccracken,2019-01-08 14:05:56,False,0,True,,,,,,,,,,,,,,,,,,,,
1081254574399410176,1081254574399410176,RT @IBMResearch: “Many business leaders think #QuantumComputing is a technology that is still years away from practical use. But not only d…,,,,,,2019-01-04T18:22:33,,0,0,47,QuantumComputing,IBMResearch,2019-01-04 18:22:33,False,0,True,,,,,,,,,,,,,,,,,,,,
1062793352335278081,1062793352335278081,"RT @IBMcloud: In today's @NYTimes crossword: 3 letters for ""Big name in #cloud computing."" HINT: The first letter is not 🅰️. And the secon…",,,,,,2018-11-14T19:44:15,,0,0,123,cloud,IBMcloud NYTimes,2018-11-14 19:44:15,False,0,True,,,,,,,,,,,,,,,,,,,,
1062719733999427585,1062719733999427585,Congratulations to Ginni Rometty who was honored with the 2019 Edison Achievement Award for her leadership and innovation https://t.co/2eBv5t0IB5 @EdisonAwards @IBM,,,,,,2018-11-14T14:51:43,,58,1,16,,EdisonAwards IBM,2018-11-14 14:51:43,False,0,True,,,,,,,,,,,,,,,,,,,,
1056983063253651456,1056983063253651456,"RT @levie: Brilliant move by IBM. Transformation requires big bets, and this is a good one.",,,,,,2018-10-29T18:56:14,,0,0,54,,levie,2018-10-29 18:56:14,False,0,True,,,,,,,,,,,,,,,,,,,,
1056641890517434369,1056641890517434369,"RT @IBMNews: IBM To Acquire Red Hat, Completely Changing The Cloud Landscape And Becoming World's #1 Hybrid Cloud Provider https://t.co/kQL…",,,,,,2018-10-28T20:20:32,,0,0,1008,1,IBMNews,2018-10-28 20:20:32,False,0,True,,,,,,,,,,,,,,,,,,,,
1056641599910920195,1056641599910920195,Why IBM's acquisition of Red Hat is a game-changer for the cloud industry https://t.co/vgTeuFiQH1 via @IBM @IBMcloud @RedHat,,,,,,2018-10-28T20:19:23,,223,10,157,,IBM IBMcloud RedHat,2018-10-28 20:19:23,False,0,True,,,,,,,,,,,,,,,,,,,,
1052290624123232261,1052290624123232261,RT @IBMNews: Meet IBM MultiCloud Manager: The world's first multicloud management technology https://t.co/7TYHuXXVJa #IBMCloud https://t.co…,,,,,,2018-10-16T20:10:10,,0,0,45,IBMCloud,IBMNews,2018-10-16 20:10:10,False,0,True,,,,,,,,,,,,,,,,,,,,
1052279852307492864,1052279852307492864,"Congrats to our teams who developed and launched IBM Multicloud Manager and AI OpenScale, products that will help our clients deploy &amp; manage multiple clouds &amp; types of AI https://t.co/gXMBwnbxkR https://t.co/EHz7BtNuQ6 https://t.co/RIkI1kVs8K @IBMCloud @IBMWatson @IBMResearch",,,,,,2018-10-16T19:27:21,,211,5,113,,IBMCloud IBMWatson IBMResearch,2018-10-16 19:27:21,False,0,True,,,,,,,,,,,,,,,,,,,,
1042413591327068161,1042413591327068161,Kudos to the @IBMResearch team on the release of the AI Fairness 360 toolkit — an open-source library to help detect and remove bias in machine learning models: https://t.co/LxTP2lLLRh #AI #IBM,,,,,,2018-09-19T14:02:21,,263,2,148,AI IBM,IBMResearch,2018-09-19 14:02:21,False,0,True,,,,,,,,,,,,,,,,,,,,
1019700526123020293,1019700526123020293,RT @IBMNews: $IBM #cloud revenue over the last 12 months grew 23% to $18.5B. https://t.co/agsu1ur0AG,,,,,,2018-07-18T21:48:45,,0,0,25,cloud,IBMNews,2018-07-18 21:48:45,False,0,True,,,,,,,,,,,,,,,,,,,,
1019263093929594880,1019263093929594880,IBM and Columbia University are tag-teaming the blockchain https://t.co/ANPvinFLi4 @IBMResearch @IBMBlockchain @columbia,,,,,,2018-07-17T16:50:33,,51,0,17,,IBMResearch IBMBlockchain columbia,2018-07-17 16:50:33,False,0,True,,,,,,,,,,,,,,,,,,,,
999365970107027457,999365970107027457,RT @Elysee: The President @EmmanuelMacron gathered tech leaders and challenged them to work for the common good. Discover @IBM's answer. #T…,,,,,,2018-05-23T19:06:29,,0,0,287,T…,Elysee EmmanuelMacron IBM,2018-05-23 19:06:29,False,0,True,,,,,,,,,,,,,,,,,,,,
997560775148531712,997560775148531712,"RT @martingiles: Want to know how cats can be dead and alive at the same time--oh, and how quantum computers work? Then give this a watch..…",,,,,,2018-05-18T19:33:17,,0,0,1,,martingiles,2018-05-18 19:33:17,False,0,True,,,,,,,,,,,,,,,,,,,,
975467099660234753,975467099660234753,RT @arinbhowmick: Shout out on the impact of #design #think2018 #ibmusercommunity @ArvindKrishna @IBMcloud @ibmdesign https://t.co/X4JDvgln…,,,,,,2018-03-18T20:20:54,,0,0,4,design think2018 ibmusercommunity,arinbhowmick ArvindKrishna IBMcloud ibmdesign,2018-03-18 20:20:54,False,0,True,,,,,,,,,,,,,,,,,,,,
923548500150845440,923548500150845440,RT @IBM: We’re dramatically expanding our family support options to meet the needs of 21st-century parents: https://t.co/0xUiw52jZ3 #Inclus…,,,,,,2017-10-26T13:54:55,,0,0,102,Inclus…,IBM,2017-10-26 13:54:55,False,0,True,,,,,,,,,,,,,,,,,,,,
871124536539918337,871124536539918337,RT @coastw: Inspiring advice on doing the impossible from 1 of the 4 people who completed every ironman https://t.co/30tq7GSCHL @JeffJonas…,,,,,,2017-06-03T22:00:48,,0,0,9,,coastw JeffJonas,2017-06-03 22:00:48,False,0,True,,,,,,,,,,,,,,,,,,,,
818557892861128704,818557892861128704,RT @FinTechIdeas: .@IBM CEO @GinniRometty on the future of #blockchain technology and what it means for consumers → #FIF2017 https://t.co/L…,,,,,,2017-01-09T20:39:44,,0,0,38,blockchain FIF2017,FinTechIdeas IBM GinniRometty,2017-01-09 20:39:44,False,0,True,,,,,,,,,,,,,,,,,,,,
751123891171561473,751123891171561473,A pleasure talking blockchain w/ @joi and @brianbehlendorf at @ChurchillClub last Thursday June 30 https://t.co/J5wApgmlfJ,,,,,,2016-07-07T18:41:05,,19,0,5,,joi brianbehlendorf ChurchillClub,2016-07-07 18:41:05,False,0,True,,,,,,,,,,,,,,,,,,,,
698141193251622913,698141193251622913,"RT @coindesk: IBM: ""We’re setting out on a mission to build a blockchain for business."" https://t.co/A56MDwb6s8",,,,,,2016-02-12T13:46:45,,0,0,41,,coindesk,2016-02-12 13:46:45,False,0,True,,,,,,,,,,,,,,,,,,,,
674252600171225088,674252600171225088,"Searching for Eureka: IBM’s path back to greatness, and how it could change the world https://t.co/KPxQ3O8Amt via @qz",,,,,,2015-12-08T15:42:01,,11,0,9,,qz,2015-12-08 15:42:01,False,0,True,,,,,,,,,,,,,,,,,,,,
644336960715288577,644336960715288577,RT @coastw: IBM Adapts Bitcoin Technology for Smart Contracts http://t.co/15BlTyGFps via @WSJ @ibm @ibmresearch #bitcoin,,,,,,2015-09-17T02:27:57,,0,0,34,bitcoin,coastw WSJ ibm ibmresearch,2015-09-17 02:27:57,False,0,True,,,,,,,,,,,,,,,,,,,,
28805560917,28805560917,iodgc,,,,,,2010-10-26T16:20:59,,5,1,0,,,2010-10-26 16:20:59,False,0,True,,,,,,,,,,,,,,,,,,,,
